No,Kode/Nama Perusahaan,Nama,Tanggal Pencatatan,Saham,Papan Pencatatan
1,AALI,Astra Agro Lestari Tbk.,1997-12-09,1.924.688.333,Utama
2,ABBA,Mahaka Media Tbk.,2002-04-03,2.755.125.000,Pengembangan
3,ABDA,Asuransi Bina Dana Arta Tbk.,1989-07-06,620.806.680,Pengembangan
4,ABMM,ABM Investama Tbk.,2011-12-06,2.753.165.000,Utama
5,ACES,Ace Hardware Indonesia Tbk.,2007-11-06,17.150.000.000,Utama
6,ACST,Acset Indonusa Tbk.,2013-06-24,700.000.000,Utama
7,ADES,Akasha Wira International Tbk.,1994-06-13,589.896.800,Pengembangan
8,ADHI,Adhi Karya (Persero) Tbk.,2004-03-18,3.560.849.376,Utama
9,ADMF,Adira Dinamika Multi Finance T,2004-03-31,1.000.000.000,Utama
10,ADMG,Polychem Indonesia Tbk,1993-10-20,3.889.179.559,Utama
11,ADRO,Adaro Energy Tbk.,2008-07-16,31.985.962.000,Utama
12,AGAR,Asia Sejahtera Mina Tbk.,2019-12-02,1.000.000.000,Pengembangan
13,AGII,Aneka Gas Industri Tbk.,2016-09-28,3.066.660.000,Utama
14,AGRO,Bank Rakyat Indonesia Agroniag,2003-08-08,21.129.857.328,Utama
15,AGRS,Bank IBK Indonesia Tbk.,2014-12-22,11.154.923.542,Pengembangan
16,AHAP,Asuransi Harta Aman Pratama Tb,1990-09-14,2.940.000.000,Pengembangan
17,AIMS,Akbar Indo Makmur Stimec Tbk,2001-07-20,220.000.000,Pengembangan
18,AISA,Tiga Pilar Sejahtera Food Tbk.,1997-06-11,4.787.500.000,Utama
19,AKKU,Anugerah Kagum Karya Utama Tbk,2004-11-01,6.449.463.636,Pengembangan
20,AKPI,Argha Karya Prima Industry Tbk,1992-12-18,680.000.000,Pengembangan
21,AKRA,AKR Corporindo Tbk.,1994-10-03,4.014.694.920,Utama
22,AKSI,Maming Enam Sembilan Mineral T,2001-07-13,720.000.000,Pengembangan
23,ALDO,Alkindo Naratama Tbk.,2011-07-12,1.100.000.000,Pengembangan
24,ALKA,Alakasa Industrindo Tbk,1990-07-12,507.665.055,Pengembangan
25,ALMI,Alumindo Light Metal Industry ,1997-01-02,616.000.000,Pengembangan
26,ALTO,Tri Banyan Tirta Tbk.,2012-07-10,2.191.870.558,Utama
27,AMAG,Asuransi Multi Artha Guna Tbk.,2005-12-23,5.001.552.516,Pengembangan
28,AMAN,Makmur Berkah Amanda Tbk.,2020-03-13,3.873.500.000,Utama
29,AMAR,Bank Amar Indonesia Tbk.,2020-01-09,7.954.749.000,Pengembangan
30,AMFG,Asahimas Flat Glass Tbk.,1995-11-08,434.000.000,Utama
31,AMIN,Ateliers Mecaniques D Indonesi,2015-12-10,1.080.000.000,Pengembangan
32,AMOR,Ashmore Asset Management Indon,2020-01-14,1.111.111.200,Pengembangan
33,AMRT,Sumber Alfaria Trijaya Tbk.,2009-01-15,41.524.501.700,Utama
34,ANDI,Andira Agro Tbk.,2018-08-16,9.350.000.000,Pengembangan
35,ANJT,Austindo Nusantara Jaya Tbk.,2013-05-08,3.354.175.000,Utama
36,ANTM,Aneka Tambang Tbk.,1997-11-27,24.030.764.725,Utama
37,APEX,Apexindo Pratama Duta Tbk.,2002-07-10,2.659.850.000,Pengembangan
38,APIC,Pacific Strategic Financial Tb,2002-12-18,11.766.313.488,Pengembangan
39,APII,Arita Prima Indonesia Tbk.,2013-10-29,1.075.760.000,Pengembangan
40,APLI,Asiaplast Industries Tbk.,2000-05-01,1.362.671.400,Utama
41,APLN,Agung Podomoro Land Tbk.,2010-11-11,22.699.326.779,Utama
42,ARGO,Argo Pantes Tbk,1991-01-07,335.557.450,Pengembangan
43,ARII,Atlas Resources Tbk.,2011-11-08,3.000.000.000,Pengembangan
44,ARKA,Arkha Jayanti Persada Tbk.,2019-07-10,2.000.000.000,Pengembangan
45,ARMY,Armidian Karyatama Tbk.,2017-06-21,9.006.250.000,Pengembangan
46,ARNA,Arwana Citramulia Tbk.,2001-07-17,7.341.430.976,Utama
47,ARTA,Arthavest Tbk,2002-11-05,446.674.175,Pengembangan
48,ARTI,Ratu Prabu Energi Tbk,2003-04-30,7.840.000.000,Utama
49,ARTO,Bank Jago Tbk.,2016-01-12,10.747.687.500,Pengembangan
50,ASBI,Asuransi Bintang Tbk.,1989-11-29,348.386.472,Pengembangan
51,ASDM,Asuransi Dayin Mitra Tbk.,1989-12-15,192.000.000,Utama
52,ASGR,Astra Graphia Tbk.,1989-11-15,1.348.780.500,Utama
53,ASII,Astra International Tbk.,1990-04-04,40.483.553.140,Utama
54,ASJT,Asuransi Jasa Tania Tbk.,2003-12-29,600.000.000,Pengembangan
55,ASMI,Asuransi Kresna Mitra Tbk.,2014-01-16,8.958.380.460,Utama
56,ASPI,Andalan Sakti Primaindo Tbk.,2020-02-17,680.000.000,Pengembangan
57,ASRI,Alam Sutera Realty Tbk.,2007-12-18,19.649.411.888,Utama
58,ASRM,Asuransi Ramayana Tbk.,1990-03-19,234.064.634,Pengembangan
59,ASSA,Adi Sarana Armada Tbk.,2012-11-12,3.397.500.000,Utama
60,ATIC,Anabatic Technologies Tbk.,2015-07-08,2.315.361.355,UTAMA
61,AUTO,Astra Otoparts Tbk.,1998-06-15,4.819.733.000,Utama
62,AYLS,Agro Yasa Lestari Tbk.,2020-02-12,853.423.200,Pengembangan
63,BABP,Bank MNC Internasional Tbk.,2002-07-15,25.061.669.637,Pengembangan
64,BACA,Bank Capital Indonesia Tbk.,2007-10-04,7.000.477.807,Pengembangan
65,BAJA,Saranacentral Bajatama Tbk.,2011-12-21,1.800.000.000,Pengembangan
66,BALI,Bali Towerindo Sentra Tbk.,2014-03-13,3.934.592.500,Pengembangan
67,BAPA,Bekasi Asri Pemula Tbk.,2008-01-14,661.784.520,Utama
68,BAPI,Bhakti Agung Propertindo Tbk.,2019-09-16,5.591.740.000,Pengembangan
69,BATA,Sepatu Bata Tbk.,1982-03-24,1.300.000.000,Utama
70,BAYU,Bayu Buana Tbk,1989-10-30,353.220.780,Pengembangan
71,BBCA,Bank Central Asia Tbk.,2000-05-31,24.408.459.900,Utama
72,BBHI,Bank Harda Internasional Tbk.,2015-08-12,4.142.587.477,Pengembangan
73,BBKP,Bank Bukopin Tbk.,2006-07-10,16.149.545.524,Utama
74,BBLD,Buana Finance Tbk.,1990-05-07,1.645.796.054,Pengembangan
75,BBMD,Bank Mestika Dharma Tbk.,2013-07-08,4.049.189.100,Utama
76,BBNI,Bank Negara Indonesia (Persero,1996-11-25,18.462.169.893,Utama
77,BBRI,Bank Rakyat Indonesia (Persero,2003-11-10,122.112.351.900,Utama
78,BBRM,Pelayaran Nasional Bina Buana ,2013-01-09,5.367.076.248,Utama
79,BBSS,Bumi Benowo Sukses Sejahtera T,2020-04-15,4.800.000.000,Pengembangan
80,BBTN,Bank Tabungan Negara (Persero),2009-12-17,10.484.100.000,Utama
81,BBYB,Bank Yudha Bhakti Tbk.,2015-01-13,6.595.177.287,Utama
82,BCAP,MNC Kapital Indonesia Tbk.,2001-06-08,39.760.851.927,Utama
83,BCIC,Bank JTrust Indonesia Tbk.,1997-06-25,9.912.003.256,Pengembangan
84,BCIP,Bumi Citra Permai Tbk.,2009-12-11,1.429.915.525,Pengembangan
85,BDMN,Bank Danamon Indonesia Tbk.,1989-12-06,9.675.817.341,Utama
86,BEEF,Estika Tata Tiara Tbk.,2019-01-10,1.884.312.565,Pengembangan
87,BEKS,Bank Pembangunan Daerah Banten,2001-07-13,63.468.336.053,Pengembangan
88,BELL,Trisula Textile Industries Tbk,2017-10-03,7.250.000.000,Pengembangan
89,BESS,Batulicin Nusantara Maritim Tb,2020-03-09,3.400.000.000,Pengembangan
90,BEST,Bekasi Fajar Industrial Estate,2012-04-10,9.647.311.150,Utama
91,BFIN,BFI Finance  Indonesia Tbk.,1990-05-16,15.967.115.620,Utama
92,BGTG,Bank Ganesha Tbk.,2016-05-12,11.063.309.400,Pengembangan
93,BHAT,Bhakti Multi Artha Tbk.,2020-04-15,5.000.000.000,Pengembangan
94,BHIT,MNC Investama Tbk.,1997-11-24,67.767.400.934,Utama
95,BIKA,Binakarya Jaya Abadi Tbk.,2015-07-14,592.280.000,Pengembangan
96,BIMA,Primarindo Asia Infrastructure,1994-08-30,608.175.716,Pengembangan
97,BINA,Bank Ina Perdana Tbk.,2014-01-16,5.597.831.250,Utama
98,BIPI,Astrindo Nusantara Infrastrukt,2010-02-11,44.693.066.193,Pengembangan
99,BIPP,Bhuwanatala Indah Permai Tbk.,1995-10-23,5.028.669.366,Pengembangan
100,BIRD,Blue Bird Tbk.,2014-11-05,2.502.100.000,Utama
101,BISI,BISI International Tbk.,2007-05-28,3.000.000.000,Utama
102,BJBR,Bank Pembangunan Daerah Jawa B,2010-07-08,9.740.399.289,Utama
103,BJTM,Bank Pembangunan Daerah Jawa T,2012-07-12,14.865.343.101,Utama
104,BKDP,Bukit Darmo Property Tbk,2007-06-15,7.513.992.252,Pengembangan
105,BKSL,Sentul City Tbk.,1997-07-28,67.083.561.082,Utama
106,BKSW,Bank QNB Indonesia Tbk.,2002-11-21,20.232.319.124,Pengembangan
107,BLTA,Berlian Laju Tanker Tbk,1990-03-26,25.940.187.103,Utama
108,BLTZ,Graha Layar Prima Tbk.,2014-04-10,873.937.142,Pengembangan
109,BLUE,Berkah Prima Perkasa Tbk.,2019-07-08,418.000.000,Pengembangan
110,BMAS,Bank Maspion Indonesia Tbk.,2013-07-11,4.399.026.922,Pengembangan
111,BMRI,Bank Mandiri (Persero) Tbk.,2003-07-14,46.199.999.998,Utama
112,BMSR,Bintang Mitra Semestaraya Tbk,1999-12-29,1.159.200.024,Utama
113,BMTR,Global Mediacom Tbk.,1995-07-17,16.034.511.286,Utama
114,BNBA,Bank Bumi Arta Tbk.,2006-06-01,2.286.900.000,Utama
115,BNBR,Bakrie & Brothers Tbk,1989-08-28,20.863.053.480,Pengembangan
116,BNGA,Bank CIMB Niaga Tbk.,1989-11-29,24.880.290.775,Utama
117,BNII,Bank Maybank Indonesia Tbk.,1989-11-21,75.357.433.911,Utama
118,BNLI,Bank Permata Tbk.,1990-01-15,27.762.311.813,Utama
119,BOGA,Bintang Oto Global Tbk.,2016-12-19,3.803.526.210,Pengembangan
120,BOLA,Bali Bintang Sejahtera Tbk.,2019-06-17,6.000.000.000,Pengembangan
121,BOLT,Garuda Metalindo Tbk.,2015-07-07,2.343.750.000,Pengembangan
122,BOSS,Borneo Olah Sarana Sukses Tbk.,2018-02-15,1.400.000.000,Pengembangan
123,BPFI,Batavia Prosperindo Finance Tb,2009-06-01,1.782.663.575,Pengembangan
124,BPII,Batavia Prosperindo Internasio,2014-07-08,562.224.662,Pengembangan
125,BPTR,Batavia Prosperindo Trans Tbk.,2018-07-09,1.550.000.000,Utama
126,BRAM,Indo Kordsa Tbk.,1990-09-05,450.000.000,Utama
127,BRIS,Bank BRIsyariah Tbk.,1911-01-01,9.618.952.363,Utama
128,BRMS,Bumi Resources Minerals Tbk.,2010-12-09,71.007.759.834,Pengembangan
129,BRNA,Berlina Tbk.,1989-11-06,979.110.000,Pengembangan
130,BRPT,Barito Pacific Tbk.,1993-10-01,93.388.003.300,Utama
131,BSDE,Bumi Serpong Damai Tbk.,2008-06-06,21.171.365.812,Utama
132,BSIM,Bank Sinarmas Tbk.,2010-12-13,17.263.895.026,Utama
133,BSSR,Baramulti Suksessarana Tbk.,2012-11-08,2.616.500.000,Pengembangan
134,BSWD,Bank Of India Indonesia Tbk.,2002-05-01,1.374.912.000,Pengembangan
135,BTEK,Bumi Teknokultura Unggul Tbk,2004-05-14,46.277.496.376,Pengembangan
136,BTEL,Bakrie Telecom Tbk.,2006-02-03,36.822.665.755,Utama
137,BTON,Betonjaya Manunggal Tbk.,2001-07-18,720.000.000,Pengembangan
138,BTPN,Bank BTPN Tbk.,2008-03-12,8.065.879.461,Utama
139,BTPS,Bank BTPN Syariah Tbk.,2018-05-08,7.626.663.000,Utama
140,BUDI,Budi Starch & Sweetener Tbk.,1995-05-08,4.498.997.362,Utama
141,BUKK,Bukaka Teknik Utama Tbk.,1995-01-09,2.640.452.000,Pengembangan
142,BULL,Buana Lintas Lautan Tbk.,2011-05-23,11.851.226.334,Utama
143,BUMI,Bumi Resources Tbk.,1990-07-30,67.408.426.881,Pengembangan
144,BUVA,Bukit Uluwatu Villa Tbk.,2010-07-12,6.811.269.200,Pengembangan
145,BVIC,Bank Victoria International Tb,1999-06-30,8.862.427.568,Utama
146,BWPT,Eagle High Plantations Tbk.,2009-10-27,31.525.291.000,Utama
147,BYAN,Bayan Resources Tbk.,2008-08-12,3.333.333.500,Utama
148,CAKK,Cahayaputra Asa Keramik Tbk.,2018-10-31,1.203.300.206,Pengembangan
149,CAMP,Campina Ice Cream Industry Tbk,2017-12-19,5.885.000.000,Utama
150,CANI,Capitol Nusantara Indonesia Tb,2014-01-16,833.440.000,Pengembangan
151,CARE,Metro Healthcare Indonesia Tbk,2020-03-13,33.250.000.000,Pengembangan
152,CARS,Industri dan Perdagangan Bintr,2017-04-10,15.000.000.000,Utama
153,CASA,Capital Financial Indonesia Tb,2016-07-19,54.476.243.456,Pengembangan
154,CASH,Cashlez Worldwide Indonesia Tb,2020-05-04,1.428.004.402,Akselerasi
155,CASS,Cardig Aero Services Tbk.,2011-12-05,2.086.950.000,Pengembangan
156,CBMF,Cahaya Bintang Medan Tbk.,2020-04-09,1.875.000.000,Pengembangan
157,CCSI,Communication Cable Systems In,2019-06-18,1.000.000.000,Pengembangan
158,CEKA,Wilmar Cahaya Indonesia Tbk.,1996-07-09,595.000.000,Utama
159,CENT,Centratama Telekomunikasi Indo,2001-11-01,31.183.464.900,Pengembangan
160,CFIN,Clipan Finance Indonesia Tbk.,1990-08-27,3.984.520.457,Utama
161,CINT,Chitose Internasional Tbk.,2014-06-27,1.000.000.000,Pengembangan
162,CITA,Cita Mineral Investindo Tbk.,2002-03-20,3.960.361.250,Pengembangan
163,CITY,Natura City Developments Tbk.,2018-09-28,5.402.681.845,Utama
164,CKRA,Cakra Mineral Tbk.,1999-05-19,5.106.021.090,Pengembangan
165,CLAY,Citra Putra Realty Tbk.,2019-01-18,2.570.000.000,Pengembangan
166,CLEO,Sariguna Primatirta Tbk.,2017-05-05,12.000.000.000,Utama
167,CLPI,Colorpak Indonesia Tbk.,2001-11-30,306.338.500,Pengembangan
168,CMNP,Citra Marga Nusaphala Persada ,1995-01-10,3.620.831.944,Utama
169,CMPP,AirAsia Indonesia Tbk.,1994-12-08,10.685.124.441,Pengembangan
170,CNKO,Exploitasi Energi Indonesia Tb,2001-11-21,8.956.361.206,Utama
171,CNTX,Century Textile Industry Tbk.,1979-05-22,70.000.000,Pengembangan
172,COCO,Wahana Interfood Nusantara Tbk,2019-03-20,560.247.438,Pengembangan
173,COWL,Cowell Development Tbk.,2007-12-19,4.871.214.021,Pengembangan
174,CPIN,Charoen Pokphand Indonesia Tbk,1991-03-18,16.398.000.000,Utama
175,CPRI,Capri Nusa Satu Properti Tbk.,2019-04-11,2.433.375.005,Pengembangan
176,CPRO,Central Proteina Prima Tbk.,2006-11-28,59.572.382.787,Utama
177,CSAP,Catur Sentosa Adiprana Tbk.,2007-12-12,4.458.352.920,Utama
178,CSIS,Cahayasakti Investindo Sukses ,2017-05-10,1.307.000.000,Pengembangan
179,CSMI,Cipta Selera Murni Tbk.,2020-04-09,816.061.500,Pengembangan
180,CSRA,Cisadane Sawit Raya Tbk.,2020-01-09,2.050.000.000,Pengembangan
181,CTBN,Citra Tubindo Tbk.,1989-11-28,800.371.500,Utama
182,CTRA,Ciputra Development Tbk.,1994-03-28,18.560.303.397,Utama
183,CTTH,Citatah Tbk.,1996-07-03,1.230.839.821,Pengembangan
184,DADA,Diamond Citra Propertindo Tbk.,2020-02-14,7.177.000.100,Pengembangan
185,DART,Duta Anggada Realty Tbk.,1990-05-08,3.141.390.962,Utama
186,DAYA,Duta Intidaya Tbk.,2016-06-28,2.420.547.025,Pengembangan
187,DEAL,Dewata Freightinternational Tb,2018-11-09,1.132.748.008,Pengembangan
188,DEFI,Danasupra Erapacific Tbk.,2001-07-06,687.266.666,Pengembangan
189,DEWA,Darma Henwa Tbk,2007-09-26,21.853.733.792,Utama
190,DFAM,Dafam Property Indonesia Tbk.,2018-04-27,1.899.599.565,Pengembangan
191,DGIK,Nusa Konstruksi Enjiniring Tbk,2007-12-19,5.541.165.000,Utama
192,DIGI,Arkadia Digital Media Tbk.,2018-09-18,325.000.000,Pengembangan
193,DILD,Intiland Development Tbk.,1991-09-04,10.365.854.185,Utama
194,DIVA,Distribusi Voucher Nusantara T,2018-11-27,714.285.700,Pengembangan
195,DKFT,Central Omega Resources Tbk.,1997-11-21,5.638.246.600,Pengembangan
196,DLTA,Delta Djakarta Tbk.,1984-02-27,800.659.050,Utama
197,DMAS,Puradelta Lestari Tbk.,2015-05-29,48.198.111.100,Utama
198,DMMX,Digital Mediatama Maxima Tbk.,2019-10-21,7.692.307.700,Pengembangan
199,DMND,Diamond Food Indonesia Tbk.,2020-01-22,9.468.359.000,Utama
200,DNAR,Bank Oke Indonesia Tbk.,2014-07-11,8.787.562.275,Utama
201,DNET,Indoritel Makmur Internasional,2000-12-11,14.184.000.000,Pengembangan
202,DOID,Delta Dunia Makmur Tbk.,2001-06-15,8.619.817.982,Utama
203,DPNS,Duta Pertiwi Nusantara Tbk.,1990-08-08,331.129.952,Utama
204,DPUM,Dua Putra Utama Makmur Tbk.,2015-12-08,4.175.000.000,Utama
205,DSFI,Dharma Samudera Fishing Indust,2000-03-24,1.857.135.500,Utama
206,DSNG,Dharma Satya Nusantara Tbk.,2013-06-14,10.599.842.400,Utama
207,DSSA,Dian Swastatika Sentosa Tbk,2009-12-10,770.552.320,Utama
208,DUCK,Jaya Bersama Indo Tbk.,2018-10-10,1.283.330.000,UTAMA
209,DUTI,Duta Pertiwi Tbk,1994-11-02,1.850.000.000,Pengembangan
210,DVLA,Darya-Varia Laboratoria Tbk.,1994-11-11,1.120.000.000,Utama
211,DWGL,Dwi Guna Laksana Tbk.,2017-12-13,8.711.599.331,Pengembangan
212,DYAN,Dyandra Media International Tb,2013-03-25,4.272.964.279,Utama
213,EAST,Eastparc Hotel Tbk.,2019-07-09,4.126.366.095,Pengembangan
214,ECII,Electronic City Indonesia Tbk.,2013-07-03,1.334.333.000,Pengembangan
215,EKAD,Ekadharma International Tbk.,1990-08-14,698.775.000,Utama
216,ELSA,Elnusa Tbk.,2008-02-06,7.298.500.000,Utama
217,ELTY,Bakrieland Development Tbk.,1995-10-30,43.521.913.019,Utama
218,EMDE,Megapolitan Developments Tbk.,2011-01-12,3.350.000.000,Pengembangan
219,EMTK,Elang Mahkota Teknologi Tbk.,2010-01-12,5.642.275.242,Utama
220,ENRG,Energi Mega Persada Tbk.,2004-06-07,10.342.179.272,Pengembangan
221,ENVY,Envy Technologies Indonesia Tb,2019-07-08,1.800.000.000,Pengembangan
222,EPAC,Megalestari Epack Sentosaraya ,2020-07-01,3.303.400.000,Pengembangan
223,EPMT,Enseval Putera Megatrading Tbk,1994-08-01,2.708.640.000,Pengembangan
224,ERAA,Erajaya Swasembada Tbk.,2011-12-14,3.190.000.000,Utama
225,ERTX,Eratex Djaja Tbk.,1990-08-21,1.286.539.792,Pengembangan
226,ESIP,Sinergi Inti Plastindo Tbk.,2019-11-14,640.000.005,Pengembangan
227,ESSA,Surya Esa Perkasa Tbk.,2012-02-01,14.300.000.000,Utama
228,ESTA,Esta Multi Usaha Tbk.,2020-03-09,630.000.000,Pengembangan
229,ESTI,Ever Shine Tex Tbk.,1992-10-13,2.015.208.720,Utama
230,ETWA,Eterindo Wahanatama Tbk,1997-05-16,968.297.000,Utama
231,EXCL,XL Axiata Tbk.,2005-09-29,10.706.012.530,Utama
232,FAST,Fast Food Indonesia Tbk.,1993-05-11,3.990.277.158,Pengembangan
233,FASW,Fajar Surya Wisesa Tbk.,1994-12-19,2.477.888.787,Utama
234,FILM,MD Pictures Tbk.,2018-08-07,9.511.217.000,Utama
235,FINN,First Indo American Leasing Tb,2017-06-08,1.860.225.000,Pengembangan
236,FIRE,Alfa Energi Investama Tbk.,2017-06-09,1.475.363.179,Pengembangan
237,FISH,FKS Multi Agro Tbk.,2002-01-18,480.000.000,Pengembangan
238,FITT,Hotel Fitra International Tbk.,2019-06-11,600.000.005,Pengembangan
239,FMII,Fortune Mate Indonesia Tbk,2000-06-30,2.721.000.000,Pengembangan
240,FOOD,Sentra Food Indonesia Tbk.,2019-01-08,650.000.000,Pengembangan
241,FORU,Fortune Indonesia Tbk,2002-01-17,465.224.000,Pengembangan
242,FORZ,Forza Land Indonesia Tbk.,2017-04-28,1.984.009.887,Utama
243,FPNI,Lotte Chemical Titan Tbk.,2002-03-21,5.566.414.000,Pengembangan
244,FREN,Smartfren Telecom Tbk.,2006-11-29,217.964.241.928,Utama
245,FUJI,Fuji Finance Indonesia Tbk.,2019-07-09,1.105.000.000,Pengembangan
246,GAMA,Aksara Global Development Tbk.,2012-07-11,10.011.027.656,Utama
247,GDST,Gunawan Dianjaya Steel Tbk.,2009-12-23,9.242.500.000,Pengembangan
248,GDYR,Goodyear Indonesia Tbk.,1980-12-22,410.000.000,Utama
249,GEMA,Gema Grahasarana Tbk.,2002-08-12,1.600.000.000,Pengembangan
250,GEMS,Golden Energy Mines Tbk.,2011-11-17,5.882.353.000,Utama
251,GGRM,Gudang Garam Tbk.,1990-08-27,1.924.088.000,Utama
252,GGRP,Gunung Raja Paksi Tbk.,2019-09-19,12.111.376.157,Pengembangan
253,GHON,Gihon Telekomunikasi Indonesia,2018-04-09,550.000.000,Utama
254,GIAA,Garuda Indonesia (Persero) Tbk,2011-02-11,25.886.576.254,Utama
255,GJTL,Gajah Tunggal Tbk.,1990-05-08,3.484.800.000,Utama
256,GLOB,Global Teleshop Tbk.,2012-07-10,1.111.112.000,Pengembangan
257,GLVA,Galva Technologies Tbk.,2019-12-23,1.500.000.000,Pengembangan
258,GMFI,Garuda Maintenance Facility Ae,2017-10-10,28.233.511.500,Utama
259,GMTD,Gowa Makassar Tourism Developm,2000-12-11,101.538.000,Pengembangan
260,GOLD,Visi Telekomunikasi Infrastruk,2010-07-07,1.277.276.000,Pengembangan
261,GOLL,Golden Plantation Tbk.,2014-12-23,3.665.000.759,Pengembangan
262,GOOD,Garudafood Putra Putri Jaya Tb,2018-10-10,7.379.580.291,Utama
263,GPRA,Perdana Gapuraprima Tbk.,2007-10-10,4.276.655.336,Utama
264,GREN,Evergreen Invesco Tbk.,2010-07-09,4.694.111.791,UTAMA
265,GSMF,Equity Development Investment ,1989-10-23,7.454.723.337,Pengembangan
266,GTBO,Garda Tujuh Buana Tbk,2009-07-09,2.500.000.000,Pengembangan
267,GWSA,Greenwood Sejahtera Tbk.,2011-12-23,7.800.760.000,Utama
268,GZCO,Gozco Plantations Tbk.,2008-05-15,6.000.000.000,Utama
269,HADE,Himalaya Energi Perkasa Tbk.,2004-04-12,2.120.000.000,Pengembangan
270,HDFA,Radana Bhaskara Finance Tbk.,2011-05-10,6.096.972.783,Utama
271,HDIT,Hensel Davest Indonesia Tbk.,2019-07-12,1.524.680.000,Utama
272,HDTX,Panasia Indo Resources Tbk.,1990-06-06,3.601.462.800,Utama
273,HEAL,Medikaloka Hermina Tbk.,2018-05-16,2.973.000.000,Utama
274,HELI,Jaya Trishindo Tbk.,2018-03-27,819.000.005,Pengembangan
275,HERO,Hero Supermarket Tbk.,1989-08-21,4.183.634.000,Utama
276,HEXA,Hexindo Adiperkasa Tbk.,1995-02-13,840.000.000,Utama
277,HITS,Humpuss Intermoda Transportasi,1997-12-15,7.101.084.801,Utama
278,HKMU,HK Metals Utama Tbk.,2018-10-09,3.221.750.000,Utama
279,HMSP,H.M. Sampoerna Tbk.,1990-08-15,116.318.076.900,Utama
280,HOKI,Buyung Poetra Sembada Tbk.,2017-06-22,2.386.305.700,Utama
281,HOME,Hotel Mandarine Regency Tbk.,2008-07-17,22.212.194.782,Pengembangan
282,HOTL,Saraswati Griya Lestari Tbk.,2013-01-10,3.550.001.452,Utama
283,HRME,Menteng Heritage Realty Tbk.,2019-04-12,5.958.750.000,Pengembangan
284,HRTA,Hartadinata Abadi Tbk.,2017-06-21,4.605.262.400,Utama
285,HRUM,Harum Energy Tbk.,2010-10-06,2.703.620.000,Utama
286,IATA,Indonesia Transport & Infrastr,2006-09-13,10.697.665.114,Pengembangan
287,IBFN,Intan Baruprana Finance Tbk.,2014-12-22,1.517.321.249,Pengembangan
288,IBST,Inti Bangun Sejahtera Tbk.,2012-08-31,1.350.904.927,Utama
289,ICBP,Indofood CBP Sukses Makmur Tbk,2010-10-07,11.661.908.000,Utama
290,ICON,Island Concepts Indonesia Tbk.,2005-07-08,1.089.750.000,Pengembangan
291,IDPR,Indonesia Pondasi Raya Tbk.,2015-12-10,2.003.000.000,Utama
292,IFII,Indonesia Fibreboard Industry ,2019-12-10,9.412.000.000,Utama
293,IFSH,Ifishdeco Tbk.,2019-12-05,2.125.000.000,Pengembangan
294,IGAR,Champion Pacific Indonesia Tbk,1990-11-05,972.204.500,Utama
295,IIKP,Inti Agri Resources Tbk,2002-10-14,33.600.000.000,Pengembangan
296,IKAI,Intikeramik Alamasri Industri ,1997-06-04,13.305.799.387,Utama
297,IKAN,Era Mandiri Cemerlang Tbk.,2020-02-12,833.333.000,Pengembangan
298,IKBI,Sumi Indo Kabel Tbk.,1991-01-21,1.224.000.000,Pengembangan
299,IMAS,Indomobil Sukses Internasional,1993-11-15,3.994.291.039,Utama
300,IMJS,Indomobil Multi Jasa Tbk.,2013-12-10,8.614.574.209,Utama
301,IMPC,Impack Pratama Industri Tbk.,2014-12-17,4.833.500.000,Pengembangan
302,INAF,Indofarma Tbk.,2001-04-17,3.099.267.500,Utama
303,INAI,Indal Aluminium Industry Tbk.,1994-12-05,633.600.000,Pengembangan
304,INCF,Indo Komoditi Korpora Tbk.,1989-12-18,1.438.370.465,Pengembangan
305,INCI,Intanwijaya Internasional Tbk,1990-07-24,196.121.237,Utama
306,INCO,Vale Indonesia Tbk.,1990-05-16,9.936.338.720,Utama
307,INDF,Indofood Sukses Makmur Tbk.,1994-07-14,8.780.426.500,Utama
308,INDO,Royalindo Investa Wijaya Tbk.,2020-01-13,4.309.161.400,Pengembangan
309,INDR,Indo-Rama Synthetics Tbk.,1990-08-03,654.351.707,Utama
310,INDS,Indospring Tbk.,1990-08-10,656.249.710,Utama
311,INDX,Tanah Laut Tbk,2001-05-17,437.913.588,Pengembangan
312,INDY,Indika Energy Tbk.,2008-06-11,5.210.192.000,Utama
313,INKP,Indah Kiat Pulp & Paper Tbk.,1990-07-16,5.470.982.941,Utama
314,INOV,Inocycle Technology Group Tbk.,2019-07-10,1.808.221.900,Pengembangan
315,INPC,Bank Artha Graha Internasional,1990-08-23,15.638.233.267,Utama
316,INPP,Indonesian Paradise Property T,2004-12-01,11.181.971.732,Pengembangan
317,INPS,Indah Prakasa Sentosa Tbk.,2018-04-06,650.000.000,Pengembangan
318,INRU,Toba Pulp Lestari Tbk.,1990-06-18,1.388.883.283,Pengembangan
319,INTA,Intraco Penta Tbk.,1993-08-23,3.343.935.022,Pengembangan
320,INTD,Inter Delta Tbk,1989-12-18,591.828.000,Pengembangan
321,INTP,Indocement Tunggal Prakarsa Tb,1989-12-05,3.681.231.699,Utama
322,IPCC,Indonesia Kendaraan Terminal T,2018-07-09,1.818.384.820,Utama
323,IPCM,Jasa Armada Indonesia Tbk.,2017-12-22,5.284.811.100,Pengembangan
324,IPOL,Indopoly Swakarsa Industry Tbk,2010-07-09,6.443.379.509,Utama
325,IPTV,MNC Vision Networks Tbk.,2019-07-08,38.306.264.044,Utama
326,IRRA,Itama Ranoraya Tbk.,2019-10-15,1.600.000.000,Pengembangan
327,ISAT,Indosat Tbk.,1994-10-19,5.433.933.500,Utama
328,ISSP,Steel Pipe Industry of Indones,2013-02-22,7.185.992.035,Utama
329,ITIC,Indonesian Tobacco Tbk.,2019-07-04,940.720.000,Pengembangan
330,ITMA,Sumber Energi Andalan Tbk.,1990-12-10,870.701.000,Pengembangan
331,ITMG,Indo Tambangraya Megah Tbk.,2007-12-18,1.129.925.000,Utama
332,JAST,Jasnita Telekomindo Tbk.,2019-05-16,813.626.700,Pengembangan
333,JAWA,Jaya Agra Wattie Tbk.,2011-05-30,3.774.685.500,Utama
334,JAYA,Armada Berjaya Trans Tbk.,2019-02-21,375.000.105,Pengembangan
335,JECC,Jembo Cable Company Tbk.,1992-11-18,151.200.000,Pengembangan
336,JGLE,Graha Andrasentra Propertindo ,2016-06-29,22.581.909.405,Pengembangan
337,JIHD,Jakarta International Hotels &,1984-02-29,2.329.040.482,Pengembangan
338,JKON,Jaya Konstruksi Manggala Prata,2007-12-04,16.308.519.860,Utama
339,JKSW,Jakarta Kyoei Steel Works Tbk.,1997-08-06,150.000.000,Pengembangan
340,JMAS,Asuransi Jiwa Syariah Jasa Mit,2017-12-18,1.000.000.000,Pengembangan
341,JPFA,Japfa Comfeed Indonesia Tbk.,1989-10-23,11.726.575.201,Utama
342,JRPT,Jaya Real Property Tbk.,1994-06-29,13.750.000.000,Utama
343,JSKY,Sky Energy Indonesia Tbk.,2018-03-28,2.032.540.000,Utama
344,JSMR,Jasa Marga (Persero) Tbk.,2007-11-12,7.257.871.200,Utama
345,JSPT,Jakarta Setiabudi Internasiona,1998-01-12,2.318.736.000,Pengembangan
346,JTPE,Jasuindo Tiga Perkasa Tbk.,2002-04-16,1.713.012.500,Pengembangan
347,KAEF,Kimia Farma Tbk.,2001-07-04,5.554.000.000,Utama
348,KARW,ICTSI Jasa Prima Tbk.,1994-12-20,587.152.700,Pengembangan
349,KAYU,Darmi Bersaudara Tbk.,2019-07-04,665.000.000,Pengembangan
350,KBAG,Karya Bersama Anugerah Tbk.,2020-04-08,7.150.000.000,Pengembangan
351,KBLI,KMI Wire & Cable Tbk.,1992-07-06,4.007.235.107,Utama
352,KBLM,Kabelindo Murni Tbk.,1992-06-01,1.120.000.000,Pengembangan
353,KBLV,First Media Tbk.,2000-02-25,1.742.167.907,Pengembangan
354,KBRI,Kertas Basuki Rachmat Indonesi,2008-07-11,8.687.995.734,PENGEMBANGAN
355,KDSI,Kedawung Setia Industrial Tbk.,1996-07-29,405.000.000,Pengembangan
356,KEEN,Kencana Energi Lestari Tbk.,2019-09-02,3.666.312.500,Utama
357,KEJU,Mulia Boga Raya Tbk.,2019-11-25,1.500.000.000,Pengembangan
358,KIAS,Keramika Indonesia Assosiasi T,1994-12-08,14.929.100.000,Pengembangan
359,KICI,Kedaung Indah Can Tbk,1993-10-28,276.000.000,Utama
360,KIJA,Kawasan Industri Jababeka Tbk.,1995-01-10,20.824.888.369,Utama
361,KINO,Kino Indonesia Tbk.,2015-12-11,1.428.571.500,Utama
362,KIOS,Kioson Komersial Indonesia Tbk,2017-10-05,717.239.900,Pengembangan
363,KJEN,Krida Jaringan Nusantara Tbk.,2019-07-01,500.000.000,Pengembangan
364,KKGI,Resource Alam Indonesia Tbk.,1991-07-01,5.000.000.000,Utama
365,KLBF,Kalbe Farma Tbk.,1991-07-30,46.875.122.110,Utama
366,KMTR,Kirana Megatara Tbk.,2017-06-19,8.215.366.379,Pengembangan
367,KOBX,Kobexindo Tractors Tbk.,2012-07-05,2.272.500.000,Utama
368,KOIN,Kokoh Inti Arebama Tbk,2008-04-09,980.843.732,Pengembangan
369,KONI,Perdana Bangun Pusaka Tbk,1995-08-22,174.000.000,Pengembangan
370,KOPI,Mitra Energi Persada Tbk.,2001-04-23,697.266.668,Pengembangan
371,KOTA,DMS Propertindo Tbk.,2019-07-09,10.543.558.902,Utama
372,KPAL,Steadfast Marine Tbk.,2018-06-08,1.069.009.400,Utama
373,KPAS,Cottonindo Ariesta Tbk.,2018-10-05,768.042.882,Pengembangan
374,KPIG,MNC Land Tbk.,2000-03-30,80.625.726.664,Pengembangan
375,KRAH,Grand Kartech Tbk.,2013-11-08,971.190.000,Pengembangan
376,KRAS,Krakatau Steel (Persero) Tbk.,2010-11-10,19.346.396.900,Utama
377,KREN,Kresna Graha Investama Tbk.,2002-06-28,18.208.470.100,Utama
378,LAND,Trimitra Propertindo Tbk.,2018-08-23,2.792.620.000,Pengembangan
379,LAPD,Leyand International Tbk.,2001-07-17,3.966.350.139,Pengembangan
380,LCGP,Eureka Prima Jakarta Tbk.,2007-07-13,5.630.000.914,Pengembangan
381,LCKM,LCK Global Kedaton Tbk.,2018-01-16,1.000.000.000,Pengembangan
382,LEAD,Logindo Samudramakmur Tbk.,2013-12-11,4.049.616.328,Utama
383,LIFE,Asuransi Jiwa Sinarmas MSIG Tb,2019-07-09,2.100.000.000,Utama
384,LINK,Link Net Tbk.,2014-06-02,2.863.195.484,Utama
385,LION,Lion Metal Works Tbk.,1993-08-20,520.160.000,Utama
386,LMAS,Limas Indonesia Makmur Tbk,2001-12-28,787.851.525,Pengembangan
387,LMPI,Langgeng Makmur Industri Tbk.,1994-10-17,1.008.517.669,Pengembangan
388,LMSH,Lionmesh Prima Tbk.,1990-06-04,96.000.000,Pengembangan
389,LPCK,Lippo Cikarang Tbk,1997-07-24,2.679.600.000,Utama
390,LPGI,Lippo General Insurance Tbk.,1997-07-22,150.000.000,Utama
391,LPIN,Multi Prima Sejahtera Tbk,1990-02-05,425.000.000,Pengembangan
392,LPKR,Lippo Karawaci Tbk.,1996-06-28,70.898.018.369,Utama
393,LPLI,Star Pacific Tbk,1989-10-23,1.170.432.803,Pengembangan
394,LPPF,Matahari Department Store Tbk.,1989-10-10,2.626.148.780,Utama
395,LPPS,Lippo Securities Tbk.,1994-03-28,2.588.250.000,Pengembangan
396,LRNA,Eka Sari Lorena Transport Tbk.,2014-04-15,350.000.022,Pengembangan
397,LSIP,PP London Sumatra Indonesia Tb,1996-07-05,6.822.863.965,Utama
398,LTLS,Lautan Luas Tbk.,1997-07-21,1.560.000.000,Utama
399,LUCK,Sentral Mitra Informatika Tbk.,2018-11-28,715.749.640,Pengembangan
400,MABA,Marga Abhinaya Abadi Tbk.,2017-06-22,15.365.229.912,PENGEMBANGAN
401,MAGP,Multi Agro Gemilang Plantation,2013-01-16,9.000.000.004,Pengembangan
402,MAIN,Malindo Feedmill Tbk.,2006-02-10,2.238.750.000,Utama
403,MAMI,Mas Murni Indonesia Tbk,1994-02-09,12.299.116.371,Utama
404,MAPA,Map Aktif Adiperkasa Tbk.,2018-07-05,2.850.400.000,Pengembangan
405,MAPB,MAP Boga Adiperkasa Tbk.,2017-06-21,2.170.922.900,Pengembangan
406,MAPI,Mitra Adiperkasa Tbk.,2004-11-10,16.600.000.000,Utama
407,MARI,Mahaka Radio Integra Tbk.,2016-02-11,5.252.644.000,Pengembangan
408,MARK,Mark Dynamics Indonesia Tbk.,2017-07-12,3.800.000.310,Utama
409,MASA,Multistrada Arah Sarana Tbk.,2005-06-09,9.182.946.945,Utama
410,MAYA,Bank Mayapada Internasional Tb,1997-08-29,6.764.086.593,Utama
411,MBAP,Mitrabara Adiperdana Tbk.,2014-07-10,1.227.271.952,Pengembangan
412,MBSS,Mitrabahtera Segara Sejati Tbk,2011-04-06,1.750.026.639,Utama
413,MBTO,Martina Berto Tbk.,2011-01-13,1.070.000.000,Utama
414,MCAS,M Cash Integrasi Tbk.,2017-11-01,867.933.300,Pengembangan
415,MCOR,Bank China Construction Bank I,2007-07-03,37.540.533.209,Utama
416,MDIA,Intermedia Capital Tbk.,2014-04-11,39.215.538.400,Utama
417,MDKA,Merdeka Copper Gold Tbk.,2015-06-19,21.897.591.650,Pengembangan
418,MDKI,Emdeki Utama Tbk.,2017-09-25,2.530.150.002,Pengembangan
419,MDLN,Modernland Realty Tbk.,1993-01-18,12.533.067.322,Utama
420,MDRN,Modern Internasional Tbk.,1991-07-16,7.632.167.798,Utama
421,MEDC,Medco Energi Internasional Tbk,1994-10-12,17.920.454.572,Utama
422,MEGA,Bank Mega Tbk.,2000-04-17,6.894.138.227,Utama
423,MERK,Merck Tbk.,1981-07-23,448.000.000,Pengembangan
424,META,Nusantara Infrastructure Tbk.,2001-07-18,17.710.708.194,Utama
425,MFIN,Mandala Multifinance Tbk.,2005-09-06,2.650.000.000,Pengembangan
426,MFMI,Multifiling Mitra Indonesia Tb,2010-12-29,757.581.000,Pengembangan
427,MGNA,Magna Investama Mandiri Tbk.,2014-07-07,1.003.080.977,Pengembangan
428,MGRO,Mahkota Group Tbk.,2018-07-12,3.554.445.700,Utama
429,MICE,Multi Indocitra Tbk.,2005-12-21,600.000.000,Pengembangan
430,MIDI,Midi Utama Indonesia Tbk.,2010-11-30,2.882.353.000,Pengembangan
431,MIKA,Mitra Keluarga Karyasehat Tbk.,2015-03-24,14.246.349.500,Utama
432,MINA,Sanurhasta Mitra Tbk.,2017-04-28,6.562.500.000,Pengembangan
433,MIRA,Mitra International Resources ,1997-01-30,3.961.452.039,Pengembangan
434,MITI,Mitra Investindo Tbk.,1997-07-16,1.411.550.800,Pengembangan
435,MKNT,Mitra Komunikasi Nusantara Tbk,2015-10-26,5.000.000.000,Pengembangan
436,MKPI,Metropolitan Kentjana Tbk.,2009-07-10,948.194.000,Pengembangan
437,MLBI,Multi Bintang Indonesia Tbk.,1981-12-15,2.107.000.000,Utama
438,MLIA,Mulia Industrindo Tbk,1994-01-17,1.323.000.000,Pengembangan
439,MLPL,Multipolar Tbk.,1989-11-06,14.639.632.470,Utama
440,MLPT,Multipolar Technology Tbk.,2013-07-08,1.875.000.000,Utama
441,MMLP,Mega Manunggal Property Tbk.,2015-06-12,6.889.134.608,Pengembangan
442,MNCN,Media Nusantara Citra Tbk.,2007-06-22,14.876.103.500,Utama
443,MOLI,Madusari Murni Indah Tbk.,2018-08-30,2.334.888.498,Pengembangan
444,MPMX,Mitra Pinasthika Mustika Tbk.,2013-05-29,4.462.963.276,Utama
445,MPOW,Megapower Makmur Tbk.,2017-07-06,816.997.053,Pengembangan
446,MPPA,Matahari Putra Prima Tbk.,1992-12-21,7.529.147.920,Utama
447,MPRO,Maha Properti Indonesia Tbk.,2018-10-09,9.942.500.000,Pengembangan
448,MRAT,Mustika Ratu Tbk.,1995-07-27,428.000.000,Utama
449,MREI,Maskapai Reasuransi Indonesia ,1989-09-04,517.791.681,Pengembangan
450,MSIN,MNC Studios International Tbk.,2018-06-08,5.202.000.000,Utama
451,MSKY,MNC Sky Vision Tbk.,2012-07-09,1.994.370.480,Utama
452,MTDL,Metrodata Electronics Tbk.,1990-04-09,2.455.376.917,Utama
453,MTFN,Capitalinc Investment Tbk.,1990-04-16,31.842.082.852,Pengembangan
454,MTLA,Metropolitan Land Tbk.,2011-06-20,7.655.126.330,Utama
455,MTPS,Meta Epsi Tbk.,2019-04-10,2.084.850.829,Pengembangan
456,MTRA,Mitra Pemuda Tbk.,2016-02-10,770.000.000,Pengembangan
457,MTSM,Metro Realty Tbk.,1992-01-08,232.848.000,Pengembangan
458,MTWI,Malacca Trust Wuwungan Insuran,2017-10-11,1.525.819.116,Pengembangan
459,MYOH,Samindo Resources Tbk.,2000-07-27,2.206.312.500,Utama
460,MYOR,Mayora Indah Tbk.,1990-07-04,22.358.699.725,Utama
461,MYRX,Hanson International Tbk.,1990-10-31,86.703.220.792,Pengembangan
462,MYTX,Asia Pacific Investama Tbk.,1989-10-10,7.747.281.949,Utama
463,NASA,Ayana Land International Tbk.,2017-08-07,11.004.929.322,Pengembangan
464,NATO,Nusantara Properti Internasion,2019-01-18,8.001.089.504,Pengembangan
465,NELY,Pelayaran Nelly Dwi Putri Tbk.,2012-10-11,2.350.000.000,Pengembangan
466,NFCX,NFC Indonesia Tbk.,2018-07-12,666.667.500,Pengembangan
467,NICK,Charnic Capital Tbk.,2018-05-02,651.150.000,Pengembangan
468,NIKL,Pelat Timah Nusantara Tbk.,2009-12-14,2.523.350.000,Utama
469,NIPS,Nipress Tbk.,1991-07-24,1.635.333.332,Pengembangan
470,NIRO,City Retail Developments Tbk.,2012-09-13,22.198.871.804,Pengembangan
471,NISP,Bank OCBC NISP Tbk.,1994-10-20,22.715.776.032,Utama
472,NOBU,Bank Nationalnobu Tbk.,2013-05-20,4.393.533.177,Utama
473,NRCA,Nusa Raya Cipta Tbk.,2013-06-27,2.496.258.344,Utama
474,NUSA,Sinergi Megah Internusa Tbk.,2018-07-12,7.700.000.148,Pengembangan
475,NZIA,Nusantara Almazia Tbk.,2019-09-25,2.197.538.000,Utama
476,OASA,Protech Mitra Perkasa Tbk.,2016-07-18,358.600.000,Pengembangan
477,OCAP,Onix Capital Tbk.,2003-11-10,273.200.000,Pengembangan
478,OKAS,Ancora Indonesia Resources Tbk,2006-04-17,1.765.927.777,Pengembangan
479,OMRE,Indonesia Prima Property Tbk,1994-08-22,1.745.000.000,Pengembangan
480,OPMS,Optima Prima Metal Sinergi Tbk,2019-09-23,1.000.000.000,Pengembangan
481,PADI,Minna Padi Investama Sekuritas,2012-01-09,11.307.246.524,Utama
482,PALM,Provident Agro Tbk.,2012-10-08,7.119.540.356,Pengembangan
483,PAMG,Bima Sakti Pertiwi Tbk.,2019-07-05,3.125.000.000,Utama
484,PANI,Pratama Abadi Nusa Industri Tb,2018-09-18,410.000.000,Pengembangan
485,PANR,Panorama Sentrawisata Tbk.,2001-09-18,1.200.000.000,Utama
486,PANS,Panin Sekuritas Tbk.,2000-05-31,720.000.000,Utama
487,PBID,Panca Budi Idaman Tbk.,2017-12-13,1.875.000.000,Utama
488,PBRX,Pan Brothers Tbk.,1990-08-16,6.478.295.611,Utama
489,PBSA,Paramita Bangun Sarana Tbk.,2016-09-28,1.500.000.000,Utama
490,PCAR,Prima Cakrawala Abadi Tbk.,2017-12-29,1.166.666.700,Pengembangan
491,PDES,Destinasi Tirta Nusantara Tbk,2008-07-08,715.000.000,Pengembangan
492,PEGE,Panca Global Kapital Tbk.,2005-06-24,2.833.417.056,Pengembangan
493,PEHA,Phapros Tbk.,1911-01-01,840.000.000,Utama
494,PGAS,Perusahaan Gas Negara Tbk.,2003-12-15,24.241.508.196,Utama
495,PGJO,Tourindo Guide Indonesia Tbk.,2020-01-08,306.250.000,Akselerasi
496,PGLI,Pembangunan Graha Lestari Inda,2000-05-11,488.000.000,Pengembangan
497,PGUN,Pradiksi Gunatama Tbk.,2020-07-07,4.998.360.000,Utama
498,PICO,Pelangi Indah Canindo Tbk,1996-09-23,568.375.000,Pengembangan
499,PJAA,Pembangunan Jaya Ancol Tbk.,2004-07-02,1.599.999.996,Utama
500,PKPK,Perdana Karya Perkasa Tbk,2007-07-11,600.000.000,Pengembangan
501,PLAS,Polaris Investama Tbk,2001-03-16,1.184.200.000,Pengembangan
502,PLIN,Plaza Indonesia Realty Tbk.,1992-06-15,3.550.000.000,Utama
503,PMJS,Putra Mandiri Jembar Tbk.,2019-12-18,13.755.600.000,Pengembangan
504,PNBN,Bank Pan Indonesia Tbk,1982-12-29,23.837.645.998,Utama
505,PNBS,Bank Panin Dubai Syariah Tbk.,2014-01-15,23.719.447.472,Utama
506,PNIN,Paninvest Tbk.,1983-09-20,4.068.323.920,Utama
507,PNLF,Panin Financial Tbk.,1983-06-14,32.022.073.293,Utama
508,PNSE,Pudjiadi & Sons Tbk.,1990-05-01,797.813.496,Pengembangan
509,POLA,Pool Advista Finance Tbk.,2018-11-16,2.727.886.300,Pengembangan
510,POLI,Pollux Investasi Internasional,2019-01-10,2.010.526.400,Pengembangan
511,POLL,Pollux Properti Indonesia Tbk.,2018-07-11,8.318.823.600,Utama
512,POLU,Golden Flower Tbk.,2019-06-26,750.000.000,Pengembangan
513,POLY,Asia Pacific Fibers Tbk,1991-03-12,2.495.753.334,Pengembangan
514,POOL,Pool Advista Indonesia Tbk.,1991-05-20,2.341.366.264,Pengembangan
515,PORT,Nusantara Pelabuhan Handal Tbk,2017-03-16,2.813.941.985,Pengembangan
516,POSA,Bliss Properti Indonesia Tbk.,2019-05-10,8.388.870.106,Pengembangan
517,POWR,Cikarang Listrindo Tbk.,2016-06-14,16.087.156.000,Pengembangan
518,PPGL,Prima Globalindo Logistik Tbk.,2020-07-20,750.000.000,Akselerasi
519,PPRE,PP Presisi Tbk.,2017-11-24,10.224.271.000,Utama
520,PPRO,PP Properti Tbk.,2015-05-19,61.675.671.883,Utama
521,PRAS,Prima Alloy Steel Universal Tb,1990-07-12,701.043.478,Utama
522,PRDA,Prodia Widyahusada Tbk.,2016-12-07,937.500.000,Utama
523,PRIM,Royal Prima Tbk.,2018-05-15,3.393.432.705,Pengembangan
524,PSAB,J Resources Asia Pasifik Tbk.,2003-04-22,26.460.000.000,Pengembangan
525,PSDN,Prasidha Aneka Niaga Tbk,1994-10-18,1.440.000.000,Pengembangan
526,PSGO,Palma Serasih Tbk.,2019-11-25,18.850.000.000,Pengembangan
527,PSKT,Red Planet Indonesia Tbk.,1995-09-29,10.351.231.636,Pengembangan
528,PSSI,Pelita Samudera Shipping Tbk.,2017-12-05,5.417.063.153,Utama
529,PTBA,Bukit Asam Tbk.,2002-12-23,11.520.659.250,Utama
530,PTIS,Indo Straits Tbk.,2011-07-12,550.165.300,Utama
531,PTPP,PP (Persero) Tbk.,2010-02-09,6.199.897.354,Utama
532,PTPW,Pratama Widya Tbk.,2020-02-07,878.187.500,Pengembangan
533,PTRO,Petrosea Tbk.,1990-05-21,1.008.605.000,Utama
534,PTSN,Sat Nusapersada Tbk,2007-11-08,5.314.344.000,Utama
535,PTSP,Pioneerindo Gourmet Internatio,1994-05-30,220.808.000,Pengembangan
536,PUDP,Pudjiadi Prestige Tbk.,1994-11-18,329.560.000,Utama
537,PURA,Putra Rajawali Kencana Tbk.,2020-01-29,5.317.204.353,Pengembangan
538,PURE,Trinitan Metals and Minerals T,2019-10-09,1.333.333.500,Utama
539,PWON,Pakuwon Jati Tbk.,1989-10-09,48.159.602.400,Utama
540,PYFA,Pyridam Farma Tbk,2001-10-16,535.080.000,Pengembangan
541,PZZA,Sarimelati Kencana Tbk.,2018-05-23,3.021.875.000,Utama
542,RAJA,Rukun Raharja Tbk.,2006-04-19,4.227.082.500,Utama
543,RALS,Ramayana Lestari Sentosa Tbk.,1996-07-24,7.096.000.000,Utama
544,RANC,Supra Boga Lestari Tbk.,2012-06-07,1.564.487.500,Utama
545,RBMS,Ristia Bintang Mahkotasejati T,1997-12-19,2.656.212.826,Utama
546,RDTX,Roda Vivatex Tbk,1990-05-14,268.800.000,Utama
547,REAL,Repower Asia Indonesia Tbk.,2019-12-06,6.632.640.000,Pengembangan
548,RELI,Reliance Sekuritas Indonesia T,2005-07-13,1.800.000.000,Utama
549,RICY,Ricky Putra Globalindo Tbk,1998-01-22,641.717.510,Utama
550,RIGS,Rig Tenders Indonesia Tbk.,1990-03-05,609.130.000,Pengembangan
551,RIMO,Rimo International Lestari Tbk,2000-11-10,45.080.600.000,Pengembangan
552,RISE,Jaya Sukses Makmur Sentosa Tbk,2018-07-09,9.950.000.000,Utama
553,RMBA,Bentoel Internasional Investam,1990-03-05,36.401.136.250,Utama
554,RODA,Pikko Land Development Tbk.,2001-10-22,13.592.128.209,Pengembangan
555,RONY,Aesler Grup Internasional Tbk.,2020-04-09,1.250.000.000,Pengembangan
556,ROTI,Nippon Indosari Corpindo Tbk.,2010-06-28,6.186.488.888,Utama
557,RUIS,Radiant Utama Interinsco Tbk.,2006-07-12,770.000.000,Pengembangan
558,SAFE,Steady Safe Tbk,1994-08-15,615.145.012,Pengembangan
559,SAME,Sarana Meditama Metropolitan T,2013-01-11,5.900.000.000,Pengembangan
560,SAMF,Saraswanti Anugerah Makmur Tbk,2020-03-31,5.125.000.000,Utama
561,SAPX,Satria Antaran Prima Tbk.,2018-10-03,833.333.300,Pengembangan
562,SATU,Kota Satu Properti Tbk.,2018-11-05,1.250.000.000,Pengembangan
563,SBAT,Sejahtera Bintang Abadi Textil,2020-04-08,2.125.000.000,Pengembangan
564,SCCO,Supreme Cable Manufacturing & ,1982-07-20,205.583.400,Utama
565,SCMA,Surya Citra Media Tbk.,2002-07-16,14.774.672.301,Utama
566,SCPI,Merck Sharp Dohme Pharma Tbk.,1990-06-08,3.600.000,Pengembangan
567,SDMU,Sidomulyo Selaras Tbk.,2011-07-12,1.135.225.000,Pengembangan
568,SDPC,Millennium Pharmacon Internati,1990-05-07,1.274.000.000,Utama
569,SDRA,Bank Woori Saudara Indonesia 1,2006-12-15,6.515.116.991,Utama
570,SFAN,Surya Fajar Capital Tbk.,2019-06-19,1.359.934.021,Pengembangan
571,SGER,Sumber Global Energy Tbk.,2020-08-10,1.664.000.000,Pengembangan
572,SGRO,Sampoerna Agro Tbk.,2007-06-18,1.890.000.000,Utama
573,SHID,Hotel Sahid Jaya International,1990-05-08,1.119.326.168,Pengembangan
574,SHIP,Sillo Maritime Perdana Tbk.,2016-06-16,2.719.790.000,Pengembangan
575,SIDO,Industri Jamu dan Farmasi Sido,2013-12-18,15.000.000.000,Utama
576,SILO,Siloam International Hospitals,2013-09-12,1.625.765.625,Utama
577,SIMA,Siwani Makmur Tbk,1994-06-03,442.589.871,PENGEMBANGAN
578,SIMP,Salim Ivomas Pratama Tbk.,2011-06-09,15.816.310.000,Utama
579,SINI,Singaraja Putra Tbk.,2019-11-08,451.747.250,Pengembangan
580,SIPD,Sierad Produce Tbk.,1996-12-27,1.339.102.579,Pengembangan
581,SKBM,Sekar Bumi Tbk.,1993-01-05,1.726.003.217,Pengembangan
582,SKLT,Sekar Laut Tbk.,1993-09-08,690.740.500,Pengembangan
583,SKRN,Superkrane Mitra Utama Tbk.,2018-10-11,1.500.000.000,Pengembangan
584,SKYB,Northcliff Citranusa Indonesia,2010-07-07,585.000.000,Pengembangan
585,SLIS,Gaya Abadi Sempurna Tbk.,2019-10-07,2.000.000.000,Pengembangan
586,SMAR,Smart Tbk.,1992-11-20,2.872.193.366,Pengembangan
587,SMBR,Semen Baturaja (Persero) Tbk.,2013-06-28,9.932.534.336,Utama
588,SMCB,Solusi Bangun Indonesia Tbk.,1977-08-10,7.662.900.000,Utama
589,SMDM,Suryamas Dutamakmur Tbk.,1995-10-12,4.772.138.237,Pengembangan
590,SMDR,Samudera Indonesia  Tbk.,1999-12-05,3.275.120.000,Utama
591,SMGR,Semen Indonesia (Persero) Tbk.,1991-07-08,5.931.520.000,Utama
592,SMKL,Satyamitra Kemas Lestari Tbk.,2019-07-11,3.400.000.005,Utama
593,SMMA,Sinarmas Multiartha Tbk.,1995-07-05,6.367.664.717,Utama
594,SMMT,Golden Eagle Energy Tbk.,2000-02-29,3.150.000.000,Pengembangan
595,SMRA,Summarecon Agung Tbk.,1990-05-07,14.426.781.680,Utama
596,SMRU,SMR Utama Tbk.,2011-10-10,12.499.385.782,Pengembangan
597,SMSM,Selamat Sempurna Tbk.,1996-09-09,5.758.675.440,Utama
598,SOCI,Soechi Lines Tbk.,2014-12-03,7.059.000.000,Utama
599,SOFA,Boston Furniture Industries Tb,2020-07-07,1.650.000.000,Akselerasi
600,SONA,Sona Topas Tourism Industry Tb,1992-07-21,331.200.000,Utama
601,SOSS,Shield On Service Tbk.,2018-11-06,656.247.005,Pengembangan
602,SOTS,Satria Mega Kencana Tbk.,2018-12-10,1.000.000.005,Pengembangan
603,SPMA,Suparma Tbk.,1994-11-16,2.114.570.958,Utama
604,SPTO,Surya Pertiwi Tbk.,2018-05-14,2.700.000.000,Pengembangan
605,SQMI,Wilton Makmur Indonesia Tbk.,2004-07-15,15.537.591.429,Pengembangan
606,SRAJ,Sejahteraraya Anugrahjaya Tbk.,2011-04-11,12.000.705.445,Utama
607,SRIL,Sri Rejeki Isman Tbk.,2013-06-17,20.452.176.844,Utama
608,SRSN,Indo Acidatama Tbk,1993-01-11,6.020.000.000,Utama
609,SRTG,Saratoga Investama Sedaya Tbk.,2013-06-26,2.712.967.000,Pengembangan
610,SSIA,Surya Semesta Internusa Tbk.,1997-03-27,4.705.249.440,Utama
611,SSMS,Sawit Sumbermas Sarana Tbk.,2013-12-12,9.525.000.000,Utama
612,SSTM,Sunson Textile Manufacture Tbk,1997-08-20,1.170.909.181,Pengembangan
613,STAR,Buana Artha Anugerah Tbk.,2011-07-13,4.800.000.602,Utama
614,STTP,Siantar Top Tbk.,1996-12-16,1.310.000.000,Pengembangan
615,SUGI,Sugih Energy Tbk.,2002-06-19,24.811.541.414,Pengembangan
616,SULI,SLJ Global Tbk.,1994-03-21,3.986.916.802,Utama
617,SUPR,Solusi Tunas Pratama Tbk.,2011-10-11,1.137.579.698,Pengembangan
618,SURE,Super Energy Tbk.,2018-10-05,1.497.576.771,Pengembangan
619,SWAT,Sriwahana Adityakarta Tbk.,2018-06-08,3.019.200.000,Pengembangan
620,TALF,Tunas Alfin Tbk.,2001-02-12,1.353.435.000,Pengembangan
621,TAMA,Lancartama Sejati Tbk.,2020-02-10,1.000.000.000,Pengembangan
622,TAMU,Pelayaran Tamarin Samudra Tbk.,2017-05-10,37.500.000.000,Pengembangan
623,TARA,Sitara Propertindo Tbk.,2014-07-11,10.069.645.750,Utama
624,TAXI,Express Transindo Utama Tbk.,2012-11-02,6.145.600.000,Utama
625,TBIG,Tower Bersama Infrastructure T,2010-10-26,22.656.999.445,Utama
626,TBLA,Tunas Baru Lampung Tbk.,2000-02-14,5.342.098.939,Utama
627,TBMS,Tembaga Mulia Semanan Tbk.,1990-05-23,367.340.000,Pengembangan
628,TCID,Mandom Indonesia Tbk.,1993-09-30,201.066.667,Utama
629,TCPI,Transcoal Pacific Tbk.,2018-07-06,5.000.000.000,Pengembangan
630,TDPM,Tridomain Performance Material,2018-04-09,10.485.050.500,Utama
631,TEBE,Dana Brata Luhur Tbk.,2019-11-18,1.285.000.000,Pengembangan
632,TECH,Indosterling Technomedia Tbk.,2020-06-04,1.256.300.000,Pengembangan
633,TELE,Tiphone Mobile Indonesia Tbk.,2012-01-12,7.302.194.889,Utama
634,TFAS,Telefast Indonesia Tbk.,2019-09-17,1.666.666.500,Pengembangan
635,TFCO,Tifico Fiber Indonesia Tbk.,1980-02-26,4.823.076.400,Pengembangan
636,TGKA,Tigaraksa Satria Tbk.,1990-06-11,918.492.750,Pengembangan
637,TGRA,Terregra Asia Energy Tbk.,2017-05-16,2.750.000.000,Utama
638,TIFA,Tifa Finance Tbk.,2011-07-08,1.079.700.000,Pengembangan
639,TINS,Timah Tbk.,1995-10-19,7.447.753.454,Utama
640,TIRA,Tira Austenite Tbk,1993-07-27,588.000.000,Pengembangan
641,TIRT,Tirta Mahakam Resources Tbk,1999-12-13,1.011.774.750,Utama
642,TKIM,Pabrik Kertas Tjiwi Kimia Tbk.,1990-04-03,3.113.223.570,Utama
643,TLKM,Telekomunikasi Indonesia (Pers,1995-11-14,99.062.216.600,Utama
644,TMAS,Temas Tbk.,2003-07-09,5.705.150.000,Utama
645,TMPO,Tempo Intimedia Tbk.,2001-01-08,1.058.333.250,Pengembangan
646,TNCA,Trimuda Nuansa Citra Tbk.,2018-06-28,421.640.000,Pengembangan
647,TOBA,Toba Bara Sejahtra Tbk.,2012-07-06,8.049.964.000,Utama
648,TOPS,Totalindo Eka Persada Tbk.,2017-06-16,33.330.000.000,Utama
649,TOTL,Total Bangun Persada Tbk.,2006-07-25,3.410.000.000,Utama
650,TOTO,Surya Toto Indonesia Tbk.,1990-10-30,10.320.000.000,Pengembangan
651,TOWR,Sarana Menara Nusantara Tbk.,2010-03-08,51.014.625.000,Utama
652,TOYS,Sunindo Adipersada Tbk.,2020-08-06,1.435.000.000,Pengembangan
653,TPIA,Chandra Asri Petrochemical Tbk,1996-06-24,17.833.520.260,Pengembangan
654,TPMA,Trans Power Marine Tbk.,2013-02-20,2.633.300.000,Pengembangan
655,TRAM,Trada Alam Minera Tbk.,2008-09-10,49.643.625.618,Utama
656,TRIL,Triwira Insanlestari Tbk.,2008-01-28,1.200.000.000,Pengembangan
657,TRIM,Trimegah Sekuritas Indonesia T,2000-01-31,7.109.300.000,Utama
658,TRIN,Perintis Triniti Properti Tbk.,2020-01-15,4.373.333.400,Pengembangan
659,TRIO,Trikomsel Oke Tbk.,2009-04-14,26.007.494.645,Utama
660,TRIS,Trisula International Tbk.,2012-06-28,3.141.443.806,Pengembangan
661,TRJA,Transkon Jaya Tbk.,2020-08-27,1.510.200.000,Pengembangan
662,TRST,Trias Sentosa Tbk.,1990-07-02,2.808.000.000,Utama
663,TRUK,Guna Timur Raya Tbk.,2018-05-23,435.000.000,Pengembangan
664,TRUS,Trust Finance Indonesia Tbk,2002-11-28,800.000.000,Pengembangan
665,TSPC,Tempo Scan Pacific Tbk.,1994-06-17,4.500.000.000,Utama
666,TUGU,Asuransi Tugu Pratama Indonesi,2018-05-28,1.777.777.800,Pengembangan
667,TURI,Tunas Ridean Tbk.,1995-05-16,5.580.000.000,Utama
668,UANG,Pakuan Tbk.,2020-07-06,1.210.000.000,Pengembangan
669,UCID,Uni-Charm Indonesia Tbk.,2019-12-20,4.156.572.300,Utama
670,ULTJ,Ultra Jaya Milk Industry & Tra,1990-07-02,11.553.528.000,Utama
671,UNIC,Unggul Indah Cahaya Tbk.,1989-11-06,383.331.363,Utama
672,UNIT,Nusantara Inti Corpora Tbk,2002-04-18,75.422.200,Pengembangan
673,UNSP,Bakrie Sumatera Plantations Tb,1990-03-06,2.500.162.344,Utama
674,UNTR,United Tractors Tbk.,1989-09-19,3.730.135.136,Utama
675,UNVR,Unilever Indonesia Tbk.,1982-01-11,38.150.000.000,Utama
676,URBN,Urban Jakarta Propertindo Tbk.,2018-12-10,3.232.122.588,Pengembangan
677,VICO,Victoria Investama Tbk.,2013-07-08,9.150.094.680,Utama
678,VINS,Victoria Insurance Tbk.,2015-09-28,1.460.462.836,Pengembangan
679,VIVA,Visi Media Asia Tbk.,2011-11-21,16.464.270.400,Utama
680,VOKS,Voksel Electric Tbk.,1990-12-20,4.155.602.595,Utama
681,VRNA,Verena Multi Finance Tbk.,2008-06-25,5.687.353.997,Pengembangan
682,WAPO,Wahana Pronatural Tbk.,2001-06-22,1.240.923.111,Pengembangan
683,WEGE,Wijaya Karya Bangunan Gedung T,2017-11-30,9.572.000.000,Utama
684,WEHA,WEHA Transportasi Indonesia Tb,2007-05-31,886.411.265,Utama
685,WICO,Wicaksana Overseas Internation,1994-08-08,1.268.950.977,Pengembangan
686,WIIM,Wismilak Inti Makmur Tbk.,2012-12-18,2.099.873.760,Utama
687,WIKA,Wijaya Karya (Persero) Tbk.,2007-10-29,8.969.951.372,Utama
688,WINS,Wintermar Offshore Marine Tbk.,2010-11-29,4.243.011.640,Utama
689,WOMF,Wahana Ottomitra Multiartha Tb,2004-12-13,3.481.481.480,Utama
690,WOOD,Integra Indocabinet Tbk.,2017-06-21,6.306.250.000,Utama
691,WOWS,Ginting Jaya Energi Tbk.,2019-11-08,2.475.720.000,Pengembangan
692,WSBP,Waskita Beton Precast Tbk.,2016-09-20,26.361.157.534,Utama
693,WSKT,Waskita Karya (Persero) Tbk.,2012-12-19,13.573.951.000,Utama
694,WTON,Wijaya Karya Beton Tbk.,2014-04-08,8.715.466.600,Utama
695,YELO,Yelooo Integra Datanet Tbk.,2018-10-29,380.043.597,Pengembangan
696,YPAS,Yanaprima Hastapersada Tbk,2008-03-05,668.000.089,Pengembangan
697,YULE,Yulie Sekuritas Indonesia Tbk.,2004-12-10,1.785.000.000,Pengembangan
698,ZBRA,Zebra Nusantara Tbk,1991-08-01,856.133.009,Pengembangan
699,ZINC,Kapuas Prima Coal Tbk.,2017-10-16,25.250.000.000,Pengembangan
700,ZONE,Mega Perintis Tbk.,2018-12-12,870.171.478,Pengembangan
